<?xml version="1.0" encoding="UTF-8"?>
<project-private xmlns="http://www.netbeans.org/ns/project-private/1">
    <data xmlns="http://www.netbeans.org/ns/make-project-private/1">
        <activeConfTypeElem>1</activeConfTypeElem>
        <activeConfIndexElem>0</activeConfIndexElem>
    </data>
    <editor-bookmarks xmlns="http://www.netbeans.org/ns/editor-bookmarks/2" lastBookmarkId="0"/>
    <open-files xmlns="http://www.netbeans.org/ns/projectui-open-files/2">
        <group>
            <file>file:/D:/Trabajos/TP/20233905_Romero_Binny_Lab03_2023_2/ArchivosDeTextoYModulacion_Lab03-2023-2/funciones.hpp</file>
            <file>file:/D:/Trabajos/TP/20233905_Romero_Binny_Lab03_2023_2/ArchivosDeTextoYModulacion_Lab03-2023-2/main.cpp</file>
            <file>file:/D:/Trabajos/TP/20233905_Romero_Binny_Lab03_2023_2/ArchivosDeTextoYModulacion_Lab03-2023-2/funciones.cpp</file>
            <file>file:/D:/Trabajos/TP/20233905_Romero_Binny_Lab03_2023_2/ArchivosDeTextoYModulacion_Lab03-2023-2/Utils.hpp</file>
        </group>
    </open-files>
</project-private>
