<?xml version="1.0" encoding="UTF-8"?>
<project-private xmlns="http://www.netbeans.org/ns/project-private/1">
    <data xmlns="http://www.netbeans.org/ns/make-project-private/1">
        <activeConfTypeElem>1</activeConfTypeElem>
        <activeConfIndexElem>0</activeConfIndexElem>
    </data>
    <editor-bookmarks xmlns="http://www.netbeans.org/ns/editor-bookmarks/2" lastBookmarkId="0"/>
    <open-files xmlns="http://www.netbeans.org/ns/projectui-open-files/2">
        <group>
            <file>file:/C:/Users/piero/OneDrive/Escritorio/E2-20242/Pregunta1_2024_2/Plato.h</file>
            <file>file:/C:/Users/piero/OneDrive/Escritorio/E2-20242/Pregunta1_2024_2/Comentario.h</file>
            <file>file:/C:/Users/piero/OneDrive/Escritorio/E2-20242/Pregunta1_2024_2/Utils.h</file>
            <file>file:/C:/Users/piero/OneDrive/Escritorio/E2-20242/Pregunta1_2024_2/Palabra.h</file>
            <file>file:/C:/Users/piero/OneDrive/Escritorio/E2-20242/Pregunta1_2024_2/Atencion.h</file>
            <file>file:/C:/Users/piero/OneDrive/Escritorio/E2-20242/Pregunta1_2024_2/Funciones.h</file>
            <file>file:/C:/Users/piero/OneDrive/Escritorio/E2-20242/Pregunta1_2024_2/main.cpp</file>
            <file>file:/C:/Users/piero/OneDrive/Escritorio/E2-20242/Pregunta1_2024_2/Funciones.cpp</file>
        </group>
    </open-files>
</project-private>
