<?xml version="1.0" encoding="UTF-8"?>
<project-private xmlns="http://www.netbeans.org/ns/project-private/1">
    <data xmlns="http://www.netbeans.org/ns/make-project-private/1">
        <activeConfTypeElem>1</activeConfTypeElem>
        <activeConfIndexElem>0</activeConfIndexElem>
    </data>
    <editor-bookmarks xmlns="http://www.netbeans.org/ns/editor-bookmarks/2" lastBookmarkId="0"/>
    <open-files xmlns="http://www.netbeans.org/ns/projectui-open-files/2">
        <group>
            <file>file:/C:/Users/binny/OneDrive/Escritorio/Binny/4to%20ciclo/TP/Laboratorio%205/Lab04_Arreglos_Y_ArchivosDeTexto_2023-1/Arreglos_Lab4_20233905/funciones.cpp</file>
            <file>file:/C:/Users/binny/OneDrive/Escritorio/Binny/4to%20ciclo/TP/Laboratorio%205/Lab04_Arreglos_Y_ArchivosDeTexto_2023-1/Arreglos_Lab4_20233905/Utils.hpp</file>
        </group>
    </open-files>
</project-private>
